300133071,nelsonwilliam237,181301859
300141550,emeraudesantu,211749528
300141625,Mamefatim14,188626020
300141657,leandre00126,194731088
300141716,nabilaouladbouih,125617838
300141858,karimcode24,205304457
300142072,sigadiarra,230452797
300143951,frank17art,205994994
300144176,awaworks,223561186
300146418,IkramSidhoum,198275764
300146676,harkatiaymen,211595997
300146721,smailikh,222739217
300147510,ghikanotes,212286223
300147816,HananeZerrouki,230452383
300148094,ouailg28,212054634
300148450,adjaoud-git,205994730
300150195,amelzourane,211596474
300150416,hachemsouyadi,211596263
300150433,zakariadjellouli,211743410
300150558,amirasadouni00,212186770
300150562,isako29,205994758
300151258,hakimsb,231778604
300151347,sarahocine,207281891
300151403,JustinSandy99,211593057
300151469,Rabia-777,206001876
300151556,Kahinazerkani,231781132
300151825,FeatFreedy,195238262
300151863,Hannibalcarthage,205994935
300152260,bekkai-mohibb,212179557
300153476,dialloramatoulayebah,129418622
300138205,taylor123marc,200685761
300141368,daniella-diwa,132600996
300141429,barrynetwork,231347874
300141570,swberk,66260193
300145940,TasnimMarzouki,234069235
300146545,saoudialaoua,211592881
300146667,djaberbenyezza,205994773
300147629,zoumarbalde-blip,231347782
300147786,300786147,231366133
300150205,blbsblm,205994753
300150268,kemiche06,207268490
300150284,aroua-git,205994902
300150295,lounasallouti1,205994740
300150296,bnnyouba99,205198510
300150303,jessmaud,211592293
300150385,belka1996,205994785
300150395,ismailtrache,211577767
300150399,chkips,195236786
300150417,latifmuristaga,212187666
300150485,nad1111,205994799
300150527,akrembouraoui,212277460
300151042,hichemhamdi10,62858035
300151233,syphax25,223416913
300151292,akahil521,205994792
300151354,massinissamakoudi,212047331
300151492,hacen19,206000307
300151608,mohammedaiche434,205994734
300151833,raoufbrs15,109877652
300151841,massi9313,205994823
300152410,imadboudeuf,205994834
300153747,madjou15,211754108
